Month,Unit Qty,Country,vfd,cif,Imports Qty
201901,"NMB","Austria","2,511,892","2,574,059","42"
201901,"NMB","Belgium","1,886,314","1,963,103","53"
201901,"NMB","China","2,675,272","2,799,368","121"
201901,"NMB","Czechia","7,251,350","7,665,974","256"
201901,"NMB","Germany","16,902,288","17,320,488","308"
201901,"NMB","France","7,755,592","8,188,301","238"
201901,"NMB","United Kingdom","8,116,998","8,358,781","192"
201901,"NMB","Hungary","2,109,595","2,188,272","119"
201901,"NMB","India","74,627","77,164","4"
201901,"NMB","Italy","1,214,163","1,231,825","6"
201901,"NMB","Japan","55,090,051","57,068,626","2,120"
201901,"NMB","Korea, Republic of","17,649,866","18,411,672","775"
201901,"NMB","Mexico","55,420","57,471","2"
201901,"NMB","Netherlands","78,333","79,821","2"
201901,"NMB","Sweden","598,908","618,473","9"
201901,"NMB","Thailand","2,669,536","2,782,503","113"
201901,"NMB","United States of America","1,877,174","1,919,660","31"
201901,"NMB","South Africa","1,311,098","1,336,661","28"
201902,"NMB","Austria","2,159,767","2,215,597","37"
201902,"NMB","Belgium","1,449,187","1,526,607","36"
201902,"NMB","China","1,606,131","1,660,835","45"
201902,"NMB","Czechia","20,138,014","21,776,014","821"
201902,"NMB","Germany","16,137,390","16,569,264","296"
201902,"NMB","Spain","2,242,227","2,332,232","79"
201902,"NMB","France","38,538","39,547","1"
201902,"NMB","United Kingdom","9,792,097","10,137,937","309"
201902,"NMB","Hungary","923,880","958,902","52"
201902,"NMB","India","522,606","540,583","28"
201902,"NMB","Italy","3,971,739","4,053,634","35"
201902,"NMB","Japan","52,606,795","54,321,999","2,073"
201902,"NMB","Korea, Republic of","15,240,555","15,797,659","677"
201902,"NMB","Mexico","5,810,310","5,957,312","86"
201902,"NMB","Netherlands","336,469","342,746","8"
201902,"NMB","Sweden","130,486","134,788","2"
201902,"NMB","Thailand","11,437,550","11,681,579","449"
201902,"NMB","United States of America","3,028,519","3,074,383","39"
201902,"NMB","South Africa","1,063,669","1,085,139","27"
201903,"NMB","Austria","1,962,947","2,042,261","35"
201903,"NMB","Belgium","970,101","1,007,239","23"
201903,"NMB","China","1,284,336","1,340,864","46"
201903,"NMB","Czechia","7,949,851","8,704,921","332"
201903,"NMB","Germany","11,476,856","11,720,842","218"
201903,"NMB","Spain","1,494,096","1,549,133","57"
201903,"NMB","France","804,155","840,859","24"
201903,"NMB","United Kingdom","12,289,517","12,783,350","440"
201903,"NMB","Hungary","3,076,873","3,191,970","174"
201903,"NMB","Italy","303,397","312,375","5"
201903,"NMB","Japan","62,440,519","64,481,942","2,431"
201903,"NMB","Korea, Republic of","9,497,102","9,845,862","388"
201903,"NMB","Mexico","860,505","881,453","18"
201903,"NMB","Netherlands","376,850","383,832","9"
201903,"NMB","Sweden","129,626","133,881","2"
201903,"NMB","Thailand","10,297,213","10,584,489","407"
201903,"NMB","United States of America","2,646,216","2,687,049","33"
201903,"NMB","South Africa","1,462,853","1,486,805","39"
201904,"NMB","Austria","182,159","186,821","3"
201904,"NMB","Belgium","884,612","931,698","22"
201904,"NMB","China","1,474,214","1,536,393","32"
201904,"NMB","Czechia","5,124,303","5,565,131","219"
201904,"NMB","Germany","10,541,880","10,794,412","232"
201904,"NMB","Spain","4,497,229","4,724,480","160"
201904,"NMB","France","2,775,181","2,914,721","89"
201904,"NMB","United Kingdom","5,662,871","5,821,038","116"
201904,"NMB","Hungary","213,658","221,671","12"
201904,"NMB","Italy","919,667","932,067","5"
201904,"NMB","Japan","56,784,972","58,776,529","2,175"
201904,"NMB","Korea, Republic of","16,862,534","17,589,416","842"
201904,"NMB","Mexico","4,115,840","4,210,612","108"
201904,"NMB","Sweden","67,127","69,301","1"
201904,"NMB","Thailand","4,230,605","4,407,170","180"
201904,"NMB","United States of America","2,479,420","2,514,844","27"
201904,"NMB","South Africa","245,954","250,872","8"
201905,"NMB","Austria","917,895","943,591","17"
201905,"NMB","Belgium","1,062,571","1,116,919","27"
201905,"NMB","China","3,350,909","3,496,073","111"
201905,"NMB","Czechia","5,488,347","5,821,416","239"
201905,"NMB","Germany","19,622,492","20,149,630","430"
201905,"NMB","Spain","2,093,228","2,177,797","72"
201905,"NMB","France","2,287,932","2,388,327","62"
201905,"NMB","United Kingdom","9,389,855","9,772,522","348"
201905,"NMB","Hungary","1,278,970","1,326,617","72"
201905,"NMB","India","1,158,833","1,207,974","44"
201905,"NMB","Italy","1,873,738","1,894,311","9"
201905,"NMB","Japan","35,171,648","36,349,253","1,393"
201905,"NMB","Korea, Republic of","16,311,851","17,022,058","754"
201905,"NMB","Mexico","629,259","649,156","25"
201905,"NMB","Netherlands","158,277","161,143","4"
201905,"NMB","Slovakia","84,617","86,164","1"
201905,"NMB","Thailand","22,568,862","23,198,553","908"
201905,"NMB","United States of America","2,301,775","2,337,121","30"
201905,"NMB","South Africa","3,704,780","3,733,041","50"
201906,"NMB","Austria","120,212","122,248","2"
201906,"NMB","Belgium","2,803,224","2,878,175","59"
201906,"NMB","China","2,140,994","2,243,871","81"
201906,"NMB","Czechia","4,133,781","4,393,911","160"
201906,"NMB","Germany","16,078,081","16,585,571","441"
201906,"NMB","Spain","2,721,333","2,796,585","96"
201906,"NMB","France","1,819,923","1,906,683","56"
201906,"NMB","United Kingdom","7,679,441","7,985,476","252"
201906,"NMB","Hungary","248,385","258,422","12"
201906,"NMB","India","476,325","490,649","12"
201906,"NMB","Italy","1,707,416","1,721,253","4"
201906,"NMB","Japan","68,327,688","70,509,776","2,741"
201906,"NMB","Korea, Republic of","23,962,118","24,867,029","930"
201906,"NMB","Mexico","4,037,581","4,189,865","154"
201906,"NMB","Sweden","216,071","232,375","5"
201906,"NMB","Thailand","5,710,768","5,948,633","210"
201906,"NMB","United States of America","5,402,211","5,481,758","63"
201906,"NMB","South Africa","2,499,263","2,545,331","74"
201907,"NMB","Austria","478,146","487,349","8"
201907,"NMB","Belgium","2,456,289","2,530,231","55"
201907,"NMB","China","955,322","997,005","24"
201907,"NMB","Czechia","8,990,575","9,612,617","364"
201907,"NMB","Germany","8,452,424","8,714,950","199"
201907,"NMB","Spain","493,894","513,440","14"
201907,"NMB","France","3,944,364","4,129,098","113"
201907,"NMB","United Kingdom","7,102,413","7,360,608","225"
201907,"NMB","Hungary","1,621,120","1,688,016","79"
201907,"NMB","India","1,392,778","1,438,327","40"
201907,"NMB","Japan","92,988,294","96,082,510","3,660"
201907,"NMB","Korea, Republic of","10,064,796","10,475,075","410"
201907,"NMB","Mexico","4,788,952","4,953,074","120"
201907,"NMB","Poland","2,637,074","2,739,584","141"
201907,"NMB","Thailand","6,911,026","7,106,792","249"
201907,"NMB","United States of America","2,302,262","2,337,910","29"
201907,"NMB","South Africa","1,041,076","1,064,334","35"
201908,"NMB","Austria","841,484","855,734","14"
201908,"NMB","Belgium","2,064,737","2,127,078","45"
201908,"NMB","China","1,817,189","1,899,469","53"
201908,"NMB","Czechia","8,583,310","9,040,107","305"
201908,"NMB","Germany","12,311,629","12,669,278","285"
201908,"NMB","Spain","1,853,833","1,930,382","63"
201908,"NMB","France","155,323","161,469","4"
201908,"NMB","United Kingdom","9,609,604","10,039,813","387"
201908,"NMB","Hungary","4,015,886","4,179,239","197"
201908,"NMB","India","1,321,473","1,362,953","35"
201908,"NMB","Italy","1,108,136","1,112,015","3"
201908,"NMB","Japan","60,181,141","61,980,067","2,460"
201908,"NMB","Korea, Republic of","13,795,436","14,299,788","539"
201908,"NMB","Mexico","1,869,802","1,945,776","44"
201908,"NMB","Poland","1,829,455","1,904,458","110"
201908,"NMB","Sweden","920,263","950,355","14"
201908,"NMB","Thailand","10,311,519","10,600,102","426"
201908,"NMB","United States of America","1,772,828","1,796,435","19"
201908,"NMB","South Africa","965,164","989,339","36"
201909,"NMB","Austria","1,094,807","1,128,606","19"
201909,"NMB","Belgium","5,497,172","5,619,294","132"
201909,"NMB","China","427,979","454,335","19"
201909,"NMB","Czechia","5,264,468","5,526,508","171"
201909,"NMB","Germany","11,481,067","11,749,242","197"
201909,"NMB","Spain","165,942","172,263","5"
201909,"NMB","France","715,340","748,763","19"
201909,"NMB","United Kingdom","12,589,513","13,142,088","479"
201909,"NMB","Hungary","1,091,000","1,124,315","24"
201909,"NMB","Italy","463,365","464,987","1"
201909,"NMB","Japan","103,281,427","106,590,277","4,087"
201909,"NMB","Korea, Republic of","26,198,331","26,543,511","1,077"
201909,"NMB","Mexico","5,985,899","6,193,479","111"
201909,"NMB","Poland","712,178","743,131","40"
201909,"NMB","Sweden","345,020","356,315","5"
201909,"NMB","Thailand","12,537,845","12,772,209","508"
201909,"NMB","United States of America","1,969,641","1,996,331","21"
201909,"NMB","South Africa","184,354","188,768","7"
201910,"NMB","Austria","914,880","933,128","15"
201910,"NMB","Belgium","992,477","1,019,039","22"
201910,"NMB","China","1,621,891","1,689,450","31"
201910,"NMB","Czechia","4,542,601","4,757,829","151"
201910,"NMB","Germany","7,079,569","7,242,966","131"
201910,"NMB","Spain","610,280","637,189","20"
201910,"NMB","France","1,137,225","1,214,974","33"
201910,"NMB","United Kingdom","4,078,155","4,225,224","126"
201910,"NMB","Hungary","2,235,522","2,321,479","74"
201910,"NMB","Italy","390,158","391,524","1"
201910,"NMB","Japan","76,366,034","78,916,936","2,987"
201910,"NMB","Korea, Republic of","5,290,135","5,481,294","227"
201910,"NMB","Mexico","3,562,491","3,672,825","66"
201910,"NMB","Poland","479,388","499,139","26"
201910,"NMB","Sweden","254,460","263,109","4"
201910,"NMB","Slovakia","1,162,840","1,178,965","9"
201910,"NMB","Thailand","2,785,051","2,918,017","117"
201910,"NMB","United States of America","3,598,189","3,651,286","40"
201910,"NMB","South Africa","335,464","344,374","13"
201911,"NMB","Austria","745,589","768,489","12"
201911,"NMB","Belgium","3,019,405","3,110,722","70"
201911,"NMB","China","1,900,237","1,974,958","45"
201911,"NMB","Czechia","3,984,661","4,136,908","146"
201911,"NMB","Germany","3,551,253","3,649,282","89"
201911,"NMB","Spain","1,206,652","1,240,540","44"
201911,"NMB","France","3,111,709","3,280,989","96"
201911,"NMB","United Kingdom","10,224,173","10,563,103","284"
201911,"NMB","Hungary","3,442,377","3,589,131","73"
201911,"NMB","Italy","1,544,346","1,575,706","20"
201911,"NMB","Japan","68,565,901","70,899,010","2,776"
201911,"NMB","Korea, Republic of","19,007,234","19,672,713","844"
201911,"NMB","Mexico","11,040,518","11,447,611","297"
201911,"NMB","Poland","57,474","59,557","3"
201911,"NMB","Thailand","3,440,027","3,514,409","150"
201911,"NMB","United States of America","3,554,637","3,610,726","43"
201911,"NMB","South Africa","387,746","396,919","15"
201912,"NMB","Austria","1,344,677","1,389,342","23"
201912,"NMB","Belgium","8,239,808","8,456,120","206"
201912,"NMB","China","1,369,956","1,432,256","33"
201912,"NMB","Czechia","7,136,852","7,689,599","263"
201912,"NMB","Germany","9,846,722","10,064,655","199"
201912,"NMB","Spain","1,674,053","1,745,355","62"
201912,"NMB","France","1,952,095","2,062,970","67"
201912,"NMB","United Kingdom","8,860,314","9,214,639","318"
201912,"NMB","Hungary","2,657,699","2,761,525","94"
201912,"NMB","Italy","2,151,246","2,195,206","25"
201912,"NMB","Japan","63,942,016","66,087,951","2,411"
201912,"NMB","Korea, Republic of","19,421,706","20,124,113","914"
201912,"NMB","Mexico","3,292,476","3,428,446","132"
201912,"NMB","Poland","114,560","118,569","6"
201912,"NMB","Sweden","132,472","136,727","2"
201912,"NMB","Thailand","7,422,792","7,600,987","293"
201912,"NMB","United States of America","1,755,823","1,787,439","23"
201912,"NMB","South Africa","695,222","711,680","26"
201801,"NMB","Belgium","1,842,269","1,904,487","66"
201801,"NMB","China","496,201","515,892","18"
201801,"NMB","Czechia","2,821,660","3,031,377","109"
201801,"NMB","Germany","18,320,481","18,778,826","482"
201801,"NMB","Spain","4,100,767","4,257,441","148"
201801,"NMB","France","4,580,745","4,808,250","157"
201801,"NMB","United Kingdom","10,162,106","10,585,920","404"
201801,"NMB","Hungary","301,096","307,415","4"
201801,"NMB","India","405,028","417,154","11"
201801,"NMB","Italy","1,804,720","1,852,781","31"
201801,"NMB","Japan","48,681,497","50,353,852","1,912"
201801,"NMB","Korea, Republic of","14,300,159","14,817,608","663"
201801,"NMB","Mexico","9,850,656","10,105,050","233"
201801,"NMB","Sweden","830,270","859,250","13"
201801,"NMB","Thailand","9,520,341","9,782,960","373"
201801,"NMB","United States of America","1,999,403","2,044,691","28"
201801,"NMB","South Africa","2,062,309","2,100,521","41"
201802,"NMB","Austria","480,680","491,688","8"
201802,"NMB","Belgium","1,968,614","2,023,222","52"
201802,"NMB","China","1,126,981","1,186,180","49"
201802,"NMB","Czechia","1,906,696","2,032,509","61"
201802,"NMB","Germany","7,249,859","7,475,667","156"
201802,"NMB","Spain","2,433,334","2,507,867","88"
201802,"NMB","France","2,852,472","2,976,913","98"
201802,"NMB","United Kingdom","7,117,471","7,442,894","295"
201802,"NMB","India","4,394,718","4,528,503","127"
201802,"NMB","Italy","1,105,115","1,124,722","6"
201802,"NMB","Japan","17,827,551","18,361,159","757"
201802,"NMB","Korea, Republic of","15,986,517","16,574,897","767"
201802,"NMB","Mexico","5,249,879","5,386,692","189"
201802,"NMB","Sweden","1,234,633","1,280,699","20"
201802,"NMB","Thailand","11,036,547","11,329,754","440"
201802,"NMB","United States of America","2,406,783","2,449,653","35"
201802,"NMB","South Africa","668,039","681,297","14"
201803,"NMB","Austria","227,358","232,831","4"
201803,"NMB","Belgium","5,976,359","6,147,869","156"
201803,"NMB","China","5,880,845","6,186,809","250"
201803,"NMB","Czechia","11,591,137","12,537,785","504"
201803,"NMB","Germany","16,713,433","17,120,990","373"
201803,"NMB","Spain","257,785","263,477","6"
201803,"NMB","France","2,456,925","2,595,072","73"
201803,"NMB","United Kingdom","4,963,899","5,130,993","141"
201803,"NMB","Hungary","69,814","71,621","1"
201803,"NMB","India","746,233","768,982","21"
201803,"NMB","Italy","1,876,224","1,926,610","12"
201803,"NMB","Japan","59,849,212","61,818,752","2,290"
201803,"NMB","Korea, Republic of","10,115,600","10,517,143","491"
201803,"NMB","Mexico","11,906,758","12,218,201","367"
201803,"NMB","Sweden","2,406,195","2,500,726","43"
201803,"NMB","Thailand","9,251,168","9,493,282","362"
201803,"NMB","United States of America","4,152,007","4,235,975","64"
201803,"NMB","South Africa","952,076","970,024","19"
201804,"NMB","Austria","285,038","291,843","5"
201804,"NMB","Belgium","1,457,892","1,531,017","53"
201804,"NMB","China","1,417,488","1,485,267","61"
201804,"NMB","Czechia","1,690,182","1,761,148","63"
201804,"NMB","Germany","18,191,525","18,625,063","461"
201804,"NMB","Spain","2,931,215","3,045,430","101"
201804,"NMB","France","1,099,979","1,184,634","46"
201804,"NMB","United Kingdom","2,155,823","2,244,332","66"
201804,"NMB","Hungary","73,367","74,298","1"
201804,"NMB","India","1,232,404","1,269,474","36"
201804,"NMB","Italy","1,099,608","1,117,444","18"
201804,"NMB","Japan","92,280,220","95,457,438","3,513"
201804,"NMB","Korea, Republic of","25,489,558","26,368,316","1,231"
201804,"NMB","Mexico","7,092,510","7,252,297","177"
201804,"NMB","New Zealand","1,021,106","1,075,340","59"
201804,"NMB","Sweden","503,237","524,976","10"
201804,"NMB","Thailand","12,147,400","12,442,360","482"
201804,"NMB","United States of America","3,902,990","3,971,085","55"
201805,"NMB","Austria","1,717,837","1,759,871","31"
201805,"NMB","Belgium","6,724,813","6,892,629","166"
201805,"NMB","China","1,173,662","1,226,559","48"
201805,"NMB","Czechia","4,212,037","4,514,010","161"
201805,"NMB","Germany","23,082,327","23,643,141","596"
201805,"NMB","Spain","3,400,679","3,498,550","131"
201805,"NMB","France","5,412,639","5,660,333","160"
201805,"NMB","United Kingdom","9,134,833","9,485,422","304"
201805,"NMB","Hungary","186,448","190,621","3"
201805,"NMB","India","7,220,602","7,458,300","224"
201805,"NMB","Italy","2,465,093","2,510,045","18"
201805,"NMB","Japan","63,233,587","65,542,247","2,711"
201805,"NMB","Korea, Republic of","22,688,086","23,603,852","1,071"
201805,"NMB","Mexico","18,464,183","18,876,788","465"
201805,"NMB","Sweden","877,771","910,667","15"
201805,"NMB","Thailand","10,084,045","10,398,905","354"
201805,"NMB","United States of America","3,952,054","4,031,564","58"
201805,"NMB","South Africa","1,648,982","1,683,545","52"
201806,"NMB","Austria","228,174","233,603","4"
201806,"NMB","Belgium","2,462,521","2,526,539","74"
201806,"NMB","China","2,445,871","2,553,019","67"
201806,"NMB","Czechia","3,671,259","3,945,987","143"
201806,"NMB","Germany","11,414,831","11,676,495","266"
201806,"NMB","Spain","1,048,816","1,078,598","37"
201806,"NMB","France","2,977,578","3,165,206","96"
201806,"NMB","United Kingdom","9,690,789","10,064,392","330"
201806,"NMB","India","4,779,355","4,937,093","144"
201806,"NMB","Italy","1,660,416","1,710,696","29"
201806,"NMB","Japan","72,767,952","75,166,856","2,979"
201806,"NMB","Korea, Republic of","21,719,707","22,544,228","1,031"
201806,"NMB","Mexico","6,674,458","6,839,151","189"
201806,"NMB","Sweden","232,057","238,700","4"
201806,"NMB","Thailand","8,118,822","8,328,913","306"
201806,"NMB","United States of America","1,857,370","1,893,608","27"
201806,"NMB","South Africa","456,445","466,169","14"
201807,"NMB","Austria","403,091","412,615","7"
201807,"NMB","Belgium","3,697,336","3,796,285","101"
201807,"NMB","China","2,378,186","2,487,836","78"
201807,"NMB","Czechia","10,732,121","11,680,835","465"
201807,"NMB","Germany","12,812,141","13,133,985","286"
201807,"NMB","Spain","4,468,638","4,583,842","162"
201807,"NMB","France","1,102,738","1,182,779","45"
201807,"NMB","United Kingdom","7,395,247","7,627,353","210"
201807,"NMB","India","7,287,369","7,519,147","203"
201807,"NMB","Italy","4,127,506","4,238,657","53"
201807,"NMB","Japan","90,883,740","93,744,284","3,787"
201807,"NMB","Korea, Republic of","18,632,885","19,390,910","936"
201807,"NMB","Mexico","2,615,279","2,702,770","82"
201807,"NMB","New Zealand","132,088","139,040","4"
201807,"NMB","Sweden","548,262","566,141","8"
201807,"NMB","Thailand","11,768,171","12,109,377","473"
201807,"NMB","United States of America","812,760","824,543","14"
201807,"NMB","South Africa","1,185,830","1,209,891","26"
201808,"NMB","Austria","1,279,253","1,310,487","23"
201808,"NMB","Belgium","5,168,094","5,346,664","146"
201808,"NMB","China","1,128,861","1,184,963","41"
201808,"NMB","Czechia","4,720,588","4,986,154","144"
201808,"NMB","Germany","16,955,182","17,392,431","413"
201808,"NMB","Spain","4,800,194","4,991,897","166"
201808,"NMB","France","4,056,835","4,263,020","135"
201808,"NMB","United Kingdom","9,252,207","9,610,883","342"
201808,"NMB","Hungary","70,279","71,771","1"
201808,"NMB","India","4,549,353","4,695,619","124"
201808,"NMB","Italy","4,982,257","5,111,202","51"
201808,"NMB","Japan","95,439,272","98,386,403","3,996"
201808,"NMB","Korea, Republic of","14,851,737","15,488,356","668"
201808,"NMB","Mexico","4,564,678","4,649,044","86"
201808,"NMB","Sweden","151,027","156,262","2"
201808,"NMB","Thailand","6,237,139","6,450,464","264"
201808,"NMB","United States of America","2,994,760","3,054,078","46"
201808,"NMB","South Africa","2,498,141","2,543,504","52"
201809,"NMB","Austria","239,963","245,431","4"
201809,"NMB","Belgium","5,001,002","5,200,696","141"
201809,"NMB","China","1,683,871","1,753,054","62"
201809,"NMB","Czechia","4,823,470","4,944,560","138"
201809,"NMB","Germany","13,266,539","13,613,150","285"
201809,"NMB","Spain","731,788","747,279","15"
201809,"NMB","France","5,183,152","5,449,360","186"
201809,"NMB","United Kingdom","4,624,025","4,808,869","184"
201809,"NMB","Italy","1,981,203","2,052,462","33"
201809,"NMB","Japan","78,815,097","81,372,459","3,300"
201809,"NMB","Korea, Republic of","15,475,849","16,116,177","687"
201809,"NMB","Mexico","6,092,000","6,212,853","121"
201809,"NMB","Portugal","5,361,163","5,470,408","150"
201809,"NMB","Sweden","553,855","572,037","8"
201809,"NMB","Thailand","23,363,900","24,040,913","1,000"
201809,"NMB","United States of America","2,766,062","2,815,984","36"
201809,"NMB","South Africa","3,682,991","3,757,425","93"
201810,"NMB","Austria","1,768,838","1,821,329","34"
201810,"NMB","Belgium","3,118,056","3,246,201","77"
201810,"NMB","China","1,987,596","2,071,743","67"
201810,"NMB","Czechia","4,989,406","5,239,365","180"
201810,"NMB","Germany","10,756,750","11,096,375","328"
201810,"NMB","France","2,532,089","2,666,224","86"
201810,"NMB","United Kingdom","12,465,666","12,820,621","309"
201810,"NMB","Hungary","458,632","476,139","25"
201810,"NMB","India","37,841","39,022","1"
201810,"NMB","Italy","1,033,598","1,069,739","10"
201810,"NMB","Japan","69,636,588","71,976,705","3,069"
201810,"NMB","Korea, Republic of","12,605,572","13,142,634","595"
201810,"NMB","Mexico","3,605,875","3,666,337","58"
201810,"NMB","Thailand","20,488,137","21,007,857","889"
201810,"NMB","United States of America","4,165,301","4,239,869","56"
201810,"NMB","South Africa","1,058,916","1,081,772","34"
201811,"NMB","Austria","110,651","113,747","2"
201811,"NMB","Belgium","1,839,690","1,887,679","44"
201811,"NMB","China","252,332","264,948","10"
201811,"NMB","Czechia","3,056,805","3,212,867","106"
201811,"NMB","Germany","12,985,373","13,317,610","333"
201811,"NMB","Spain","5,783,282","6,011,465","216"
201811,"NMB","United Kingdom","8,007,626","8,327,150","293"
201811,"NMB","Italy","1,351,673","1,367,594","5"
201811,"NMB","Japan","58,320,463","60,275,589","2,365"
201811,"NMB","Korea, Republic of","9,351,560","9,712,289","377"
201811,"NMB","Mexico","50,068","51,751","2"
201811,"NMB","Poland","48,291","49,727","2"
201811,"NMB","Thailand","4,075,800","4,235,972","181"
201811,"NMB","United States of America","1,321,536","1,348,145","20"
201811,"NMB","South Africa","196,546","200,334","4"
201812,"NMB","Austria","1,336,476","1,373,583","24"
201812,"NMB","Belgium","900,761","938,351","25"
201812,"NMB","China","471,770","496,266","23"
201812,"NMB","Czechia","3,282,266","3,328,917","107"
201812,"NMB","Germany","8,422,393","8,673,530","166"
201812,"NMB","Spain","594,595","615,642","21"
201812,"NMB","France","105,253","111,578","4"
201812,"NMB","United Kingdom","3,783,145","3,920,487","121"
201812,"NMB","Hong Kong","28,846","28,846","2"
201812,"NMB","Hungary","556,015","577,063","31"
201812,"NMB","India","39,511","40,182","1"
201812,"NMB","Italy","4,179,708","4,287,096","46"
201812,"NMB","Japan","65,890,040","68,232,004","2,621"
201812,"NMB","Korea, Republic of","18,751,877","19,597,020","924"
201812,"NMB","Mexico","1,515,409","1,550,799","36"
201812,"NMB","Sweden","199,248","205,770","3"
201812,"NMB","Thailand","13,727,027","14,045,230","530"
201812,"NMB","United States of America","1,706,893","1,737,193","25"
201812,"NMB","South Africa","2,228,439","2,269,916","50"
201701,"NMB","Australia","1,713,632","1,766,385","58"
201701,"NMB","Belgium","1,960,751","2,063,829","93"
201701,"NMB","China","2,247,379","2,381,085","98"
201701,"NMB","Czechia","1,155,886","1,249,122","50"
201701,"NMB","Germany","20,357,492","20,958,412","390"
201701,"NMB","Spain","2,837,242","2,920,539","106"
201701,"NMB","France","1,023,978","1,048,890","49"
201701,"NMB","United Kingdom","6,808,452","7,074,373","245"
201701,"NMB","Italy","739,376","772,776","19"
201701,"NMB","Japan","52,196,625","54,008,229","2,048"
201701,"NMB","Korea, Republic of","18,388,033","19,055,061","931"
201701,"NMB","Sweden","371,991","385,571","6"
201701,"NMB","Thailand","8,540,445","8,853,193","418"
201701,"NMB","United States of America","702,399","717,303","14"
201701,"NMB","South Africa","1,349,296","1,375,896","28"
201702,"NMB","Australia","2,164,067","2,233,526","77"
201702,"NMB","Belgium","2,507,330","2,637,606","123"
201702,"NMB","China","925,685","979,043","44"
201702,"NMB","Czechia","1,078,253","1,129,765","29"
201702,"NMB","Germany","7,501,010","7,699,570","198"
201702,"NMB","Spain","4,019,154","4,125,449","138"
201702,"NMB","France","198,889","218,508","13"
201702,"NMB","United Kingdom","6,536,004","6,694,138","216"
201702,"NMB","Italy","57,703","60,851","1"
201702,"NMB","Japan","55,442,362","57,467,516","2,333"
201702,"NMB","Korea, Republic of","23,608,828","24,476,215","1,127"
201702,"NMB","Sweden","1,588,702","1,645,574","25"
201702,"NMB","Thailand","7,117,178","7,379,183","360"
201702,"NMB","United States of America","2,686,055","2,759,389","73"
201702,"NMB","South Africa","965,162","983,589","20"
201703,"NMB","Australia","2,569,490","2,657,859","99"
201703,"NMB","Belgium","3,155,064","3,318,455","143"
201703,"NMB","China","200,000","214,856","8"
201703,"NMB","Czechia","1,060,925","1,155,578","45"
201703,"NMB","Germany","21,843,460","22,373,314","487"
201703,"NMB","Spain","2,144,049","2,196,592","71"
201703,"NMB","France","1,098,508","1,121,861","47"
201703,"NMB","United Kingdom","5,327,417","5,501,041","159"
201703,"NMB","Italy","298,085","310,973","4"
201703,"NMB","Japan","68,863,471","71,234,573","2,657"
201703,"NMB","Korea, Republic of","20,468,741","21,259,052","958"
201703,"NMB","Sweden","840,178","870,955","12"
201703,"NMB","Thailand","4,351,938","4,508,453","199"
201703,"NMB","United States of America","1,058,731","1,078,119","15"
201703,"NMB","South Africa","1,435,483","1,462,511","29"
201704,"NMB","Australia","3,042,180","3,147,417","118"
201704,"NMB","Belgium","4,050,556","4,263,016","165"
201704,"NMB","China","2,567,971","2,744,901","139"
201704,"NMB","Czechia","2,057,913","2,197,815","75"
201704,"NMB","Germany","26,496,996","27,086,220","572"
201704,"NMB","Spain","5,958,633","6,173,246","218"
201704,"NMB","France","453,723","463,475","19"
201704,"NMB","United Kingdom","6,937,444","7,233,741","271"
201704,"NMB","Hungary","438,654","444,610","6"
201704,"NMB","Italy","2,943,224","2,987,953","32"
201704,"NMB","Japan","45,432,380","46,795,441","1,764"
201704,"NMB","Korea, Republic of","7,695,049","7,963,226","366"
201704,"NMB","Portugal","53,854","56,186","1"
201704,"NMB","Thailand","10,366,123","10,816,556","568"
201704,"NMB","United States of America","2,262,073","2,315,317","42"
201704,"NMB","South Africa","1,681,291","1,717,170","32"
201705,"NMB","Australia","1,005,134","1,039,091","38"
201705,"NMB","Belgium","1,436,436","1,506,108","63"
201705,"NMB","China","2,350,298","2,514,466","118"
201705,"NMB","Czechia","2,728,736","2,927,518","106"
201705,"NMB","Germany","26,895,459","27,486,735","540"
201705,"NMB","Spain","3,693,361","3,834,616","133"
201705,"NMB","France","534,653","547,385","24"
201705,"NMB","United Kingdom","5,908,280","6,162,170","231"
201705,"NMB","Hungary","949,378","962,085","11"
201705,"NMB","Italy","1,503,325","1,545,000","25"
201705,"NMB","Japan","59,650,273","61,687,111","2,349"
201705,"NMB","Korea, Republic of","13,123,308","13,577,852","582"
201705,"NMB","Mexico","1,250,300","1,272,546","16"
201705,"NMB","Sweden","134,060","138,826","2"
201705,"NMB","Thailand","5,242,336","5,425,919","233"
201705,"NMB","United States of America","1,910,513","1,952,337","32"
201705,"NMB","South Africa","820,195","837,691","16"
201706,"NMB","Australia","1,728,204","1,785,604","64"
201706,"NMB","Belgium","1,715,097","1,796,152","93"
201706,"NMB","China","1,622,823","1,723,742","80"
201706,"NMB","Czechia","3,932,479","4,168,901","135"
201706,"NMB","Germany","23,958,027","24,516,232","537"
201706,"NMB","Spain","4,636,102","4,788,934","179"
201706,"NMB","France","276,443","283,271","13"
201706,"NMB","United Kingdom","6,791,917","7,043,438","243"
201706,"NMB","Hungary","3,732,073","3,779,483","48"
201706,"NMB","India","166,950","180,631","12"
201706,"NMB","Italy","515,360","524,353","7"
201706,"NMB","Japan","95,409,466","98,706,020","3,739"
201706,"NMB","Korea, Republic of","13,583,885","14,070,254","689"
201706,"NMB","Sweden","134,029","138,927","2"
201706,"NMB","Thailand","15,302,925","15,805,196","665"
201706,"NMB","United States of America","1,895,969","1,939,911","30"
201706,"NMB","South Africa","1,265,615","1,294,085","26"
201707,"NMB","Austria","541,950","573,306","26"
201707,"NMB","Australia","1,419,595","1,463,590","46"
201707,"NMB","Belgium","823,809","865,444","41"
201707,"NMB","China","1,778,571","1,898,837","96"
201707,"NMB","Czechia","6,416,752","6,889,124","258"
201707,"NMB","Germany","15,503,782","15,921,036","355"
201707,"NMB","Spain","3,824,842","3,934,631","142"
201707,"NMB","France","3,044,363","3,110,366","361"
201707,"NMB","United Kingdom","6,946,273","7,256,751","300"
201707,"NMB","Hungary","603,538","611,244","8"
201707,"NMB","Italy","87,221","88,555","1"
201707,"NMB","Japan","96,275,479","99,352,999","4,126"
201707,"NMB","Korea, Republic of","15,043,012","15,589,240","726"
201707,"NMB","Mexico","3,263,814","3,357,265","42"
201707,"NMB","Sweden","257,591","267,277","4"
201707,"NMB","Thailand","10,745,790","11,101,120","474"
201707,"NMB","United States of America","934,213","958,950","19"
201707,"NMB","South Africa","2,748,147","2,816,636","59"
201708,"NMB","Austria","958,736","990,952","46"
201708,"NMB","Australia","5,135,776","5,294,653","170"
201708,"NMB","Belgium","2,599,325","2,726,086","141"
201708,"NMB","China","2,954,926","3,152,586","163"
201708,"NMB","Czechia","2,381,545","2,509,597","76"
201708,"NMB","Germany","18,047,724","18,440,250","360"
201708,"NMB","Spain","4,178,204","4,296,041","149"
201708,"NMB","France","4,040,065","4,167,719","148"
201708,"NMB","United Kingdom","5,751,611","6,009,637","249"
201708,"NMB","Hungary","726,014","736,079","10"
201708,"NMB","Italy","3,624,503","3,692,530","53"
201708,"NMB","Japan","51,824,116","53,547,285","2,400"
201708,"NMB","Korea, Republic of","18,033,879","18,734,384","997"
201708,"NMB","Mexico","1,423,927","1,448,321","18"
201708,"NMB","Sweden","699,943","725,772","11"
201708,"NMB","Thailand","12,789,110","13,121,101","540"
201708,"NMB","United States of America","5,072,483","5,173,108","85"
201708,"NMB","South Africa","1,858,561","1,900,813","39"
201709,"NMB","Australia","3,676,082","3,787,221","122"
201709,"NMB","Belgium","1,353,392","1,419,264","67"
201709,"NMB","China","542,892","570,607","25"
201709,"NMB","Czechia","479,326","503,436","15"
201709,"NMB","Germany","15,179,091","15,518,264","349"
201709,"NMB","Spain","4,552,596","4,699,227","189"
201709,"NMB","France","2,496,256","2,613,605","92"
201709,"NMB","United Kingdom","6,800,789","7,048,223","234"
201709,"NMB","India","156,514","163,659","9"
201709,"NMB","Italy","1,388,584","1,452,537","42"
201709,"NMB","Japan","63,104,689","65,182,844","2,722"
201709,"NMB","Korea, Republic of","17,758,287","18,418,887","922"
201709,"NMB","Mexico","1,938,556","1,976,303","27"
201709,"NMB","Sweden","226,277","234,949","4"
201709,"NMB","Thailand","5,280,725","5,453,830","243"
201709,"NMB","United States of America","874,978","893,464","7"
201709,"NMB","South Africa","1,119,020","1,137,317","19"
201710,"NMB","Australia","27,783","28,684","1"
201710,"NMB","Belgium","545,456","568,332","27"
201710,"NMB","China","2,635,548","2,775,317","111"
201710,"NMB","Czechia","4,348,467","4,703,155","190"
201710,"NMB","Germany","18,959,510","19,441,245","373"
201710,"NMB","Spain","2,363,602","2,434,918","83"
201710,"NMB","France","2,197,982","2,312,940","83"
201710,"NMB","United Kingdom","3,266,921","3,346,616","70"
201710,"NMB","Hungary","218,896","222,371","3"
201710,"NMB","Italy","660,579","695,772","14"
201710,"NMB","Japan","66,899,485","69,122,290","2,905"
201710,"NMB","Korea, Republic of","14,600,978","15,195,741","770"
201710,"NMB","Mexico","639,190","649,907","8"
201710,"NMB","Sweden","2,884,980","3,010,996","57"
201710,"NMB","Thailand","12,131,238","12,491,221","520"
201710,"NMB","United States of America","1,765,962","1,793,751","26"
201710,"NMB","South Africa","1,810,279","1,842,850","33"
201711,"NMB","Belgium","1,326,987","1,372,285","47"
201711,"NMB","China","420,744","440,151","12"
201711,"NMB","Czechia","4,698,759","5,027,592","167"
201711,"NMB","Germany","13,830,209","14,165,269","254"
201711,"NMB","Spain","2,958,321","3,044,158","108"
201711,"NMB","France","2,735,432","2,846,804","89"
201711,"NMB","United Kingdom","5,358,089","5,536,427","164"
201711,"NMB","Hungary","674,473","690,115","9"
201711,"NMB","Italy","324,787","342,663","4"
201711,"NMB","Japan","81,899,916","84,560,479","3,384"
201711,"NMB","Korea, Republic of","19,617,078","20,293,224","847"
201711,"NMB","Mexico","9,710,913","9,932,340","270"
201711,"NMB","New Zealand","96,033","98,012","4"
201711,"NMB","Sweden","518,512","539,098","9"
201711,"NMB","Thailand","20,085,704","20,627,333","808"
201711,"NMB","United States of America","5,155,058","5,281,505","85"
201711,"NMB","South Africa","1,650,978","1,682,666","34"
201712,"NMB","Belgium","2,284,664","2,360,867","73"
201712,"NMB","China","364,165","381,921","16"
201712,"NMB","Czechia","1,361,225","1,458,913","46"
201712,"NMB","Germany","17,943,465","18,335,158","372"
201712,"NMB","Spain","3,211,968","3,343,077","120"
201712,"NMB","France","3,878,207","4,041,562","123"
201712,"NMB","United Kingdom","1,844,209","1,890,052","45"
201712,"NMB","Hungary","74,949","76,545","1"
201712,"NMB","Italy","360,712","382,104","6"
201712,"NMB","Japan","57,594,902","59,541,936","2,397"
201712,"NMB","Korea, Republic of","19,006,772","19,693,797","875"
201712,"NMB","Mexico","3,768,778","3,844,978","84"
201712,"NMB","Sweden","1,290,506","1,342,573","23"
201712,"NMB","Thailand","12,085,920","12,498,323","571"
201712,"NMB","United States of America","1,654,541","1,693,112","26"
201712,"NMB","South Africa","1,486,865","1,512,961","28"
202101,"NMB","China","3,716,864","3,908,077","92"
202101,"NMB","Korea, Republic of","21,013,455","21,747,430","919"
202101,"NMB","Belgium","5,152,203","5,260,695","108"
202101,"NMB","Czechia","1,117,803","1,144,195","39"
202101,"NMB","Finland","1,176,123","1,207,661","26"
202101,"NMB","France","10,533,215","11,016,354","305"
202101,"NMB","Germany","9,272,992","9,464,898","129"
202101,"NMB","Hungary","1,918,441","1,982,026","42"
202101,"NMB","India","1,220,998","1,260,020","35"
202101,"NMB","Japan","23,166,080","23,975,054","941"
202101,"NMB","Mexico","1,625,967","1,673,941","35"
202101,"NMB","Romania","398,372","438,934","26"
202101,"NMB","Slovakia","448,223","448,223","9"
202101,"NMB","South Africa","1,368,589","1,387,150","21"
202101,"NMB","Spain","292,211","305,122","11"
202101,"NMB","Sweden","65,065","67,379","1"
202101,"NMB","Thailand","6,449,835","6,684,760","219"
202101,"NMB","United Kingdom","7,697,690","7,986,662","239"
202101,"NMB","United States of America","621,020","633,863","11"
202102,"NMB","China","1,364,376","1,429,265","31"
202102,"NMB","Korea, Republic of","5,531,190","5,723,465","263"
202102,"NMB","Belgium","4,199,504","4,286,735","88"
202102,"NMB","Czechia","5,861,783","6,014,553","180"
202102,"NMB","Finland","908,129","931,176","19"
202102,"NMB","Germany","19,043,983","19,564,189","521"
202102,"NMB","Hungary","2,461,621","2,554,501","79"
202102,"NMB","India","10,849,358","11,309,996","450"
202102,"NMB","Italy","2,302,084","2,397,817","30"
202102,"NMB","Japan","60,660,189","62,740,931","2,241"
202102,"NMB","Mexico","1,224,226","1,248,192","20"
202102,"NMB","Puerto Rico","1,299,707","1,331,491","41"
202102,"NMB","Romania","540,546","591,944","34"
202102,"NMB","Slovakia","587,268","603,860","7"
202102,"NMB","South Africa","834,656","848,818","31"
202102,"NMB","Spain","12,495,007","13,336,829","400"
202102,"NMB","Thailand","7,371,780","7,648,394","266"
202102,"NMB","United Kingdom","14,545,892","15,135,963","498"
202102,"NMB","United States of America","1,996,967","2,025,924","21"
202103,"NMB","China","3,495,660","3,686,474","100"
202103,"NMB","Korea, Republic of","12,528,701","13,000,449","607"
202103,"NMB","Austria","1,919,693","1,984,882","33"
202103,"NMB","Belgium","1,992,407","2,040,323","43"
202103,"NMB","Czechia","4,011,038","4,046,334","99"
202103,"NMB","Finland","240,636","246,238","5"
202103,"NMB","France","923,086","961,540","19"
202103,"NMB","Germany","11,011,978","11,324,874","277"
202103,"NMB","Hungary","4,197,856","4,347,811","123"
202103,"NMB","Italy","1,122,714","1,163,277","22"
202103,"NMB","Japan","73,875,609","76,644,682","2,780"
202103,"NMB","Mexico","1,791,207","1,845,760","35"
202103,"NMB","Puerto Rico","2,754,791","2,847,532","94"
202103,"NMB","Romania","726","915","2"
202103,"NMB","Slovakia","243,303","250,392","3"
202103,"NMB","South Africa","787,042","803,745","38"
202103,"NMB","Spain","1,568,793","1,616,843","55"
202103,"NMB","Sweden","832,172","859,752","13"
202103,"NMB","Thailand","12,167,803","12,608,555","421"
202103,"NMB","United Kingdom","5,242,566","5,399,127","118"
202103,"NMB","United States of America","3,816,144","3,870,877","41"
202104,"NMB","China","248,420","259,531","5"
202104,"NMB","Korea, Republic of","9,407,565","9,719,829","415"
202104,"NMB","Austria","430,188","444,063","7"
202104,"NMB","Belgium","1,422,823","1,458,553","28"
202104,"NMB","Czechia","2,891,248","2,891,248","85"
202104,"NMB","Finland","50,797","51,905","1"
202104,"NMB","France","1,113,574","1,177,717","37"
202104,"NMB","Germany","4,609,722","4,725,043","96"
202104,"NMB","Hungary","2,326,050","2,397,225","54"
202104,"NMB","Italy","1,058,392","1,100,228","17"
202104,"NMB","Japan","73,308,555","76,122,155","2,748"
202104,"NMB","Malaysia","95,000","96,765","1"
202104,"NMB","Mexico","2,834,868","2,912,949","55"
202104,"NMB","Puerto Rico","1,411,246","1,466,671","52"
202104,"NMB","Romania","367","377","1"
202104,"NMB","Slovakia","71,203","73,551","1"
202104,"NMB","South Africa","2,929,821","2,979,050","89"
202104,"NMB","Spain","343,272","354,816","10"
202104,"NMB","Sweden","168,957","175,644","3"
202104,"NMB","Thailand","2,522,163","2,606,147","86"
202104,"NMB","United Kingdom","4,612,173","4,772,343","141"
202104,"NMB","United States of America","4,634,715","4,703,521","51"
202105,"NMB","China","4,058,347","4,265,039","156"
202105,"NMB","Korea, Republic of","18,930,742","19,653,671","844"
202105,"NMB","Austria","1,373,466","1,417,922","23"
202105,"NMB","Belgium","3,370,804","3,432,184","61"
202105,"NMB","Czechia","11,760,523","11,803,119","380"
202105,"NMB","Finland","1,202,033","1,228,625","24"
202105,"NMB","France","2,663,226","2,783,511","75"
202105,"NMB","Germany","23,213,080","23,772,563","534"
202105,"NMB","Hungary","5,417,254","5,603,553","154"
202105,"NMB","Italy","880,742","924,273","14"
202105,"NMB","Japan","44,192,962","45,986,343","1,943"
202105,"NMB","Mexico","4,593,346","4,687,580","75"
202105,"NMB","Puerto Rico","5,615,012","5,823,615","196"
202105,"NMB","Slovakia","919,494","943,095","10"
202105,"NMB","South Africa","3,370,181","3,427,503","110"
202105,"NMB","Spain","1,485,935","1,543,939","41"
202105,"NMB","Sweden","123,408","127,564","2"
202105,"NMB","Thailand","6,131,393","6,346,067","194"
202105,"NMB","United Kingdom","14,429,357","14,923,756","464"
202105,"NMB","United States of America","7,362,824","7,461,720","72"
202106,"NMB","China","4,755,488","5,035,080","181"
202106,"NMB","Korea, Republic of","14,691,831","15,246,870","654"
202106,"NMB","Austria","818,458","846,080","14"
202106,"NMB","Belgium","10,155,793","10,365,402","208"
202106,"NMB","Czechia","6,827,890","6,879,493","205"
202106,"NMB","Finland","52,357","53,465","1"
202106,"NMB","France","3,192,980","3,341,984","88"
202106,"NMB","Germany","8,262,779","8,469,043","187"
202106,"NMB","Hungary","4,125,015","4,265,710","114"
202106,"NMB","Italy","1,004,474","1,032,051","14"
202106,"NMB","Japan","69,265,236","71,952,345","2,648"
202106,"NMB","Mexico","2,376,135","2,413,295","39"
202106,"NMB","Puerto Rico","6,014,903","6,227,851","190"
202106,"NMB","Slovakia","266,960","274,100","3"
202106,"NMB","South Africa","1,707,194","1,741,740","70"
202106,"NMB","Spain","2,657,584","2,752,887","73"
202106,"NMB","Sweden","668,273","689,729","10"
202106,"NMB","United Kingdom","19,399,369","20,201,033","784"
202106,"NMB","United States of America","5,493,062","5,579,389","63"
202107,"NMB","China","7,927,367","8,326,326","265"
202107,"NMB","Korea, Republic of","12,096,086","12,527,410","512"
202107,"NMB","Belgium","3,485,690","3,561,561","76"
202107,"NMB","Czechia","9,172,737","9,544,188","311"
202107,"NMB","France","1,800,866","1,885,876","51"
202107,"NMB","Germany","8,409,557","8,616,205","178"
202107,"NMB","Hungary","3,628,155","3,739,871","81"
202107,"NMB","Italy","2,002,804","2,057,740","26"
202107,"NMB","Japan","52,805,885","54,737,502","2,247"
202107,"NMB","Mexico","4,090,396","4,157,069","81"
202107,"NMB","Puerto Rico","1,286,126","1,341,910","49"
202107,"NMB","Romania","167,883","184,952","11"
202107,"NMB","South Africa","2,259,443","2,294,249","46"
202107,"NMB","Spain","83,705","86,792","3"
202107,"NMB","Sweden","570,578","589,908","9"
202107,"NMB","Thailand","5,702,023","5,915,159","203"
202107,"NMB","United Kingdom","2,420,916","2,485,325","48"
202107,"NMB","United States of America","1,197,426","1,215,332","13"
202108,"NMB","China","2,633,015","2,764,287","110"
202108,"NMB","Korea, Republic of","16,427,470","17,090,661","731"
202108,"NMB","Austria","753,003","777,665","13"
202108,"NMB","Belgium","3,201,081","3,251,365","48"
202108,"NMB","Czechia","9,977,502","10,518,519","369"
202108,"NMB","France","2,579,582","2,708,525","79"
202108,"NMB","Germany","14,391,089","14,763,353","283"
202108,"NMB","Hungary","3,436,559","3,544,765","71"
202108,"NMB","Italy","1,657,918","1,709,887","25"
202108,"NMB","Japan","81,338,274","83,924,000","3,151"
202108,"NMB","Mexico","1,627,233","1,653,955","24"
202108,"NMB","Puerto Rico","1,166,522","1,210,206","38"
202108,"NMB","Romania","407","416","1"
202108,"NMB","Slovakia","207,364","211,551","2"
202108,"NMB","South Africa","978,700","996,245","28"
202108,"NMB","Spain","311,838","324,537","13"
202108,"NMB","Sweden","629,958","657,988","13"
202108,"NMB","Thailand","3,477,484","3,592,699","99"
202108,"NMB","United Kingdom","3,081,093","3,186,947","94"
202108,"NMB","United States of America","451,669","460,904","6"
202109,"NMB","China","6,602,303","6,921,693","183"
202109,"NMB","Korea, Republic of","11,613,853","12,107,519","533"
202109,"NMB","Belgium","2,950,056","3,009,052","44"
202109,"NMB","Czechia","8,666,982","9,391,614","330"
202109,"NMB","Finland","545,520","557,708","11"
202109,"NMB","France","7,885,936","8,241,033","212"
202109,"NMB","Germany","9,598,706","9,786,625","247"
202109,"NMB","Hungary","1,100,545","1,146,773","54"
202109,"NMB","Italy","915,862","953,487","13"
202109,"NMB","Japan","80,019,623","82,928,613","2,949"
202109,"NMB","Mexico","547,287","556,522","9"
202109,"NMB","Slovakia","232,407","239,124","3"
202109,"NMB","South Africa","599,663","611,899","21"
202109,"NMB","Spain","337,852","352,422","9"
202109,"NMB","Sweden","1,795,059","1,861,948","32"
202109,"NMB","Thailand","10,142,001","10,517,776","346"
202109,"NMB","United Kingdom","1,045,746","1,062,847","11"
202109,"NMB","United States of America","431,289","437,866","4"
202110,"NMB","China","4,093,341","4,318,551","151"
202110,"NMB","Korea, Republic of","8,560,484","8,899,998","321"
202110,"NMB","Belgium","1,176,140","1,204,751","24"
202110,"NMB","Czechia","4,741,982","4,868,126","169"
202110,"NMB","Finland","591,428","609,641","13"
202110,"NMB","France","830,488","877,124","22"
202110,"NMB","Germany","3,826,854","3,941,090","98"
202110,"NMB","Hungary","1,028,863","1,067,930","33"
202110,"NMB","Italy","1,897,739","1,936,152","30"
202110,"NMB","Japan","146,443,599","152,103,739","6,147"
202110,"NMB","Mexico","1,934,371","1,965,600","30"
202110,"NMB","Puerto Rico","65,939","68,242","2"
202110,"NMB","Slovakia","113,200","116,950","1"
202110,"NMB","South Africa","2,971,241","3,015,165","45"
202110,"NMB","Spain","2,308,186","2,402,323","58"
202110,"NMB","Sweden","1,082,555","1,120,663","18"
202110,"NMB","Thailand","4,843,545","5,027,531","171"
202110,"NMB","United Kingdom","895,890","915,707","16"
202110,"NMB","United States of America","364,771","371,899","6"
202111,"NMB","China","938,340","988,738","24"
202111,"NMB","Korea, Republic of","26,654,836","27,664,111","1,204"
202111,"NMB","Austria","188,552","192,558","3"
202111,"NMB","Belgium","1,999,769","2,042,121","37"
202111,"NMB","Czechia","3,927,890","4,135,582","142"
202111,"NMB","France","2,328,376","2,448,272","69"
202111,"NMB","Germany","1,768,436","1,805,989","28"
202111,"NMB","Hungary","1,372,786","1,409,258","20"
202111,"NMB","Italy","520,264","538,565","8"
202111,"NMB","Japan","26,624,884","27,585,461","1,104"
202111,"NMB","Mexico","1,928,085","1,959,174","32"
202111,"NMB","South Africa","3,466,849","3,543,908","166"
202111,"NMB","Spain","5,129,315","5,287,118","145"
202111,"NMB","Sweden","454,775","469,671","7"
202111,"NMB","Thailand","3,114,741","3,228,447","91"
202111,"NMB","United Kingdom","1,827,363","1,872,125","37"
202111,"NMB","United States of America","133,542","135,973","2"
202112,"NMB","China","7,387,727","7,749,236","228"
202112,"NMB","Korea, Republic of","14,245,119","14,790,565","630"
202112,"NMB","Australia","1,885,922","1,918,920","30"
202112,"NMB","Austria","113,075","115,915","2"
202112,"NMB","Belgium","3,898,032","3,972,206","68"
202112,"NMB","Czechia","3,324,030","3,344,091","94"
202112,"NMB","Finland","138,989","142,313","3"
202112,"NMB","France","3,275,292","3,499,063","96"
202112,"NMB","Germany","11,747,628","11,963,993","173"
202112,"NMB","Hungary","2,907,302","2,995,610","62"
202112,"NMB","Italy","66,182","70,166","1"
202112,"NMB","Japan","80,088,982","82,784,948","2,581"
202112,"NMB","Mexico","987,846","1,005,525","19"
202112,"NMB","Poland","153,102","157,929","5"
202112,"NMB","Puerto Rico","504,139","522,558","15"
202112,"NMB","Slovakia","128,838","130,631","1"
202112,"NMB","Spain","4,575,477","4,744,073","135"
202112,"NMB","Sweden","834,826","861,897","13"
202112,"NMB","Thailand","9,199,555","9,535,016","268"
202112,"NMB","United Kingdom","3,003,464","3,089,009","57"
202112,"NMB","United States of America","181,264","185,316","4"
202001,"NMB","Austria","1,512,928","1,563,543","26"
202001,"NMB","Belgium","3,068,122","3,181,766","88"
202001,"NMB","China","288,224","301,492","8"
202001,"NMB","Czechia","5,121,631","5,493,087","190"
202001,"NMB","Germany","5,576,967","5,725,313","131"
202001,"NMB","Spain","2,964,461","3,072,633","99"
202001,"NMB","France","5,669,752","6,028,170","224"
202001,"NMB","United Kingdom","12,909,578","13,345,078","363"
202001,"NMB","Hungary","75,079","78,297","4"
202001,"NMB","Italy","51,426","52,721","1"
202001,"NMB","Japan","64,805,386","66,938,502","2,377"
202001,"NMB","Korea, Republic of","10,737,989","11,146,734","523"
202001,"NMB","Mexico","4,954,675","5,156,027","143"
202001,"NMB","Poland","76,136","78,744","4"
202001,"NMB","Sweden","66,876","69,347","1"
202001,"NMB","Thailand","3,807,988","3,874,350","139"
202001,"NMB","United States of America","2,994,597","3,051,899","38"
202002,"NMB","Austria","2,283,992","2,361,369","39"
202002,"NMB","Belgium","5,467,158","5,620,464","147"
202002,"NMB","China","371,707","390,384","13"
202002,"NMB","Czechia","7,594,998","8,296,956","305"
202002,"NMB","Germany","11,583,985","11,834,436","203"
202002,"NMB","France","441,913","467,144","14"
202002,"NMB","United Kingdom","7,747,845","8,046,794","256"
202002,"NMB","Hungary","189,219","197,543","10"
202002,"NMB","Italy","213,332","216,682","2"
202002,"NMB","Japan","43,667,797","45,290,305","1,672"
202002,"NMB","Korea, Republic of","7,968,414","8,295,187","356"
202002,"NMB","Mexico","5,436,123","5,651,275","152"
202002,"NMB","Poland","553,113","574,169","29"
202002,"NMB","Slovakia","128,984","131,138","1"
202002,"NMB","Thailand","2,329,027","2,394,755","82"
202002,"NMB","United States of America","1,620,189","1,651,595","22"
202002,"NMB","South Africa","258,991","262,668","4"
202003,"NMB","Austria","630,824","651,696","11"
202003,"NMB","Belgium","6,173,244","6,339,592","144"
202003,"NMB","China","374,341","398,482","15"
202003,"NMB","Czechia","8,532,992","9,207,233","305"
202003,"NMB","Germany","8,697,778","8,930,738","175"
202003,"NMB","Spain","407,618","432,645","15"
202003,"NMB","France","1,782,863","1,883,031","55"
202003,"NMB","United Kingdom","6,877,093","7,093,745","171"
202003,"NMB","Hungary","3,224,536","3,351,391","124"
202003,"NMB","Italy","114,533","118,145","2"
202003,"NMB","Japan","68,685,676","71,165,215","2,683"
202003,"NMB","Korea, Republic of","10,567,492","10,995,399","500"
202003,"NMB","Mexico","1,697,714","1,772,779","70"
202003,"NMB","Poland","801,935","870,578","42"
202003,"NMB","Sweden","127,971","132,371","2"
202003,"NMB","Slovakia","128,983","131,029","1"
202003,"NMB","Thailand","13,350,603","13,835,595","418"
202003,"NMB","United States of America","2,706,464","2,752,429","35"
202003,"NMB","South Africa","2,405,219","2,446,509","51"
202004,"NMB","Austria","234,114","241,038","4"
202004,"NMB","Australia","50,403","52,486","1"
202004,"NMB","Belgium","222,895","233,065","12"
202004,"NMB","China","108,357","112,545","2"
202004,"NMB","Czechia","3,088,816","3,372,805","103"
202004,"NMB","Germany","3,369,322","3,460,512","70"
202004,"NMB","Finland","511,651","525,280","11"
202004,"NMB","France","2,381,768","2,511,967","70"
202004,"NMB","United Kingdom","4,079,299","4,211,724","106"
202004,"NMB","Hungary","1,257,975","1,305,946","44"
202004,"NMB","Japan","25,316,041","26,106,337","996"
202004,"NMB","Korea, Republic of","18,083,029","18,774,978","805"
202004,"NMB","Mexico","1,973,468","2,055,714","69"
202004,"NMB","Poland","114,315","118,964","6"
202004,"NMB","Slovakia","138,172","140,169","1"
202004,"NMB","Thailand","7,949,289","8,219,290","291"
202004,"NMB","United States of America","5,403,127","5,491,240","62"
202004,"NMB","South Africa","1,248,573","1,267,490","22"
202005,"NMB","Austria","230,343","238,275","4"
202005,"NMB","Belgium","4,633,423","4,749,365","107"
202005,"NMB","China","772,950","824,330","32"
202005,"NMB","Czechia","4,711,641","5,105,115","163"
202005,"NMB","Germany","7,760,501","8,007,442","158"
202005,"NMB","Spain","1,439,369","1,492,671","49"
202005,"NMB","Finland","100,954","104,016","2"
202005,"NMB","United Kingdom","6,664,671","6,960,332","266"
202005,"NMB","Hungary","4,246,799","4,384,837","62"
202005,"NMB","Italy","611,136","626,158","7"
202005,"NMB","Japan","9,097,581","9,396,390","347"
202005,"NMB","Korea, Republic of","5,372,838","5,578,191","205"
202005,"NMB","Mexico","1,970,711","2,044,980","40"
202005,"NMB","Poland","324,252","339,178","17"
202005,"NMB","Slovakia","130,971","133,259","1"
202005,"NMB","United States of America","409,415","419,483","7"
202005,"NMB","South Africa","753,071","763,780","13"
202006,"NMB","Austria","49,177","51,144","1"
202006,"NMB","Belgium","212,718","220,982","6"
202006,"NMB","China","1,553,698","1,647,912","53"
202006,"NMB","Czechia","4,455,456","4,852,086","180"
202006,"NMB","Germany","7,517,814","7,699,443","114"
202006,"NMB","Spain","851,136","882,215","29"
202006,"NMB","Finland","642,274","659,620","14"
202006,"NMB","France","2,896,875","3,064,798","78"
202006,"NMB","United Kingdom","4,442,570","4,642,948","173"
202006,"NMB","Hungary","2,184,397","2,255,093","34"
202006,"NMB","Japan","16,762,988","17,332,463","603"
202006,"NMB","Korea, Republic of","11,015,762","11,500,627","549"
202006,"NMB","Mexico","2,348,966","2,399,562","60"
202006,"NMB","Sweden","118,250","123,855","2"
202006,"NMB","Thailand","4,020,177","4,231,838","182"
202006,"NMB","United States of America","1,597,305","1,620,953","17"
202006,"NMB","South Africa","332,539","336,719","5"
202007,"NMB","Austria","366,701","372,476","4"
202007,"NMB","Belgium","523,413","547,693","28"
202007,"NMB","China","407,022","424,413","8"
202007,"NMB","Czechia","2,481,093","2,705,441","102"
202007,"NMB","Germany","2,218,927","2,285,610","48"
202007,"NMB","Spain","57,229","59,305","2"
202007,"NMB","Finland","880,453","909,542","19"
202007,"NMB","United Kingdom","101,040","102,745","1"
202007,"NMB","Hungary","364,846","375,142","6"
202007,"NMB","Japan","10,794,901","11,175,721","472"
202007,"NMB","Korea, Republic of","7,453,433","7,736,017","343"
202007,"NMB","Mexico","267,184","278,362","7"
202007,"NMB","Puerto Rico","1,828,939","1,885,690","54"
202007,"NMB","Sweden","65,426","67,600","1"
202007,"NMB","Slovakia","139,590","144,054","2"
202007,"NMB","Thailand","6,016,992","6,252,249","171"
202007,"NMB","United States of America","2,340,647","2,378,528","27"
202007,"NMB","South Africa","241,489","246,903","9"
202008,"NMB","Austria","577,449","597,288","10"
202008,"NMB","Australia","1,073,902","1,114,166","18"
202008,"NMB","Belgium","4,337,616","4,431,880","98"
202008,"NMB","China","1,424,672","1,507,081","56"
202008,"NMB","Czechia","2,320,879","2,403,281","69"
202008,"NMB","Germany","6,584,341","6,768,315","147"
202008,"NMB","Spain","814,959","843,958","28"
202008,"NMB","France","1,159,348","1,237,758","29"
202008,"NMB","United Kingdom","2,463,866","2,525,611","63"
202008,"NMB","Hungary","2,533,642","2,614,669","45"
202008,"NMB","India","1,494,906","1,542,307","40"
202008,"NMB","Italy","221,057","224,016","2"
202008,"NMB","Japan","14,055,768","14,617,235","535"
202008,"NMB","Korea, Republic of","15,248,151","15,815,947","713"
202008,"NMB","Mexico","5,083,349","5,267,016","185"
202008,"NMB","Puerto Rico","2,388,044","2,461,593","75"
202008,"NMB","Slovakia","68,476","70,708","1"
202008,"NMB","Thailand","7,185,242","7,502,089","259"
202008,"NMB","United States of America","2,706,003","2,745,399","28"
202008,"NMB","South Africa","1,654,018","1,678,411","30"
202009,"NMB","Austria","123,323","127,289","2"
202009,"NMB","Belgium","3,825,260","3,911,273","88"
202009,"NMB","China","449,155","477,259","23"
202009,"NMB","Czechia","6,714,224","7,199,926","268"
202009,"NMB","Germany","9,307,234","9,534,366","156"
202009,"NMB","Spain","4,143,232","4,285,149","130"
202009,"NMB","Finland","229,518","237,173","5"
202009,"NMB","France","555,685","583,959","14"
202009,"NMB","United Kingdom","4,406,076","4,599,546","156"
202009,"NMB","Hungary","3,076,128","3,178,719","57"
202009,"NMB","Italy","134,493","136,133","1"
202009,"NMB","Japan","56,265,481","58,615,446","2,141"
202009,"NMB","Korea, Republic of","11,413,173","11,887,284","552"
202009,"NMB","Mexico","2,715,319","2,820,162","103"
202009,"NMB","Poland","2,191,925","2,259,249","113"
202009,"NMB","Puerto Rico","2,738,760","2,827,376","90"
202009,"NMB","Slovakia","137,494","139,613","1"
202009,"NMB","Thailand","14,206,930","14,731,425","458"
202009,"NMB","United States of America","2,302,812","2,337,617","26"
202009,"NMB","South Africa","950,290","966,173","30"
202010,"NMB","Belgium","1,853,942","1,896,346","42"
202010,"NMB","China","1,692,334","1,792,150","51"
202010,"NMB","Czechia","992,006","1,011,711","34"
202010,"NMB","Germany","2,059,837","2,098,447","30"
202010,"NMB","Spain","11,215,554","11,582,667","333"
202010,"NMB","Finland","447,496","459,626","10"
202010,"NMB","France","83,987","87,045","2"
202010,"NMB","United Kingdom","4,198,984","4,368,398","134"
202010,"NMB","Hungary","3,093,007","3,178,508","44"
202010,"NMB","India","375,047","387,062","10"
202010,"NMB","Japan","52,435,628","54,723,212","1,927"
202010,"NMB","Korea, Republic of","34,676,467","35,952,501","1,545"
202010,"NMB","Mexico","6,237,170","6,347,207","119"
202010,"NMB","Poland","715,692","742,172","38"
202010,"NMB","Puerto Rico","2,884,123","2,956,587","91"
202010,"NMB","Sweden","63,636","65,834","1"
202010,"NMB","Slovakia","137,502","139,713","1"
202010,"NMB","Thailand","1,582,949","1,638,400","49"
202010,"NMB","United States of America","1,835,661","1,862,394","19"
202010,"NMB","South Africa","607,190","615,026","9"
202011,"NMB","Austria","171,762","177,714","3"
202011,"NMB","Australia","23,558","24,485","1"
202011,"NMB","Belgium","301,630","308,208","7"
202011,"NMB","China","715,348","756,787","20"
202011,"NMB","Czechia","316,077","324,848","10"
202011,"NMB","Germany","5,460,987","5,578,005","94"
202011,"NMB","Spain","1,338,292","1,395,432","40"
202011,"NMB","France","1,271,389","1,340,174","35"
202011,"NMB","United Kingdom","8,445,070","8,867,154","312"
202011,"NMB","Hungary","400,481","412,012","6"
202011,"NMB","Italy","1,339,521","1,385,011","23"
202011,"NMB","Japan","56,957,096","59,195,596","2,195"
202011,"NMB","Korea, Republic of","16,645,153","17,170,361","655"
202011,"NMB","New Zealand","2,294,934","2,371,170","81"
202011,"NMB","Puerto Rico","809,801","828,378","23"
202011,"NMB","Romania","203,931","225,303","13"
202011,"NMB","Sweden","110,190","114,538","2"
202011,"NMB","Slovakia","861,223","888,003","12"
202011,"NMB","Thailand","353,914","366,674","11"
202011,"NMB","United States of America","2,796,178","2,850,507","38"
202011,"NMB","South Africa","1,585,074","1,606,870","35"
202012,"NMB","Austria","1,908,131","1,973,585","33"
202012,"NMB","Belgium","2,623,621","2,691,466","67"
202012,"NMB","China","2,986,516","3,150,406","82"
202012,"NMB","Czechia","2,617,144","2,632,678","70"
202012,"NMB","Germany","5,067,044","5,187,397","85"
202012,"NMB","Spain","6,215,955","6,465,237","197"
202012,"NMB","Finland","320,797","329,288","7"
202012,"NMB","France","741,388","780,267","20"
202012,"NMB","United Kingdom","7,748,499","8,013,585","222"
202012,"NMB","Hungary","2,488,393","2,588,679","90"
202012,"NMB","Italy","720,237","754,746","12"
202012,"NMB","Japan","52,158,022","54,361,480","2,041"
202012,"NMB","Korea, Republic of","13,535,168","13,994,051","656"
202012,"NMB","Mexico","3,231,418","3,292,834","52"
202012,"NMB","Puerto Rico","3,283,033","3,365,159","105"
202012,"NMB","Sweden","999,590","1,033,472","16"
202012,"NMB","Slovakia","256,552","261,031","3"
202012,"NMB","Thailand","7,658,208","7,948,588","273"
202012,"NMB","United States of America","2,618,051","2,681,509","45"
202012,"NMB","South Africa","1,369,408","1,398,045","67"
